,Country,City,Latitude,Longtitude
0,Afghanistan,Kabul,34.5260131,69.17764759999999
1,Afghanistan,Herat,34.3508273,62.216400300000004
2,Afghanistan,Kandahar,31.6206429,65.7157231
3,Afghanistan,Balkh,36.7581256,66.8980826
4,Afghanistan,Nimruz,30.775381099999997,62.4793088
5,Afghanistan,Nangarhar,34.220389000000004,70.38003140000001
6,Afghanistan,Kunduz,36.870718700000005,68.75635279999999
7,Afghanistan,Helmand,31.0,64.0
8,Afghanistan,Kunar,34.95,71.133333
9,Afghanistan,Laghman,34.783333,70.18333299999999
10,Afghanistan,Paktia,33.705724,69.4083555
11,Afghanistan,Ghazni,33.3149631,67.828989
12,Afghanistan,Logar,34.0653595,69.160172
13,Afghanistan,Baghlan,35.75,69.0
14,Afghanistan,Jowzjan,36.9665706,65.9560232
15,Afghanistan,Kapisa,34.905556,69.741667
16,Afghanistan,Bamyan,34.75,67.25
17,Afghanistan,Daykundi,33.725113,66.2196554
18,Afghanistan,Farah,32.607110999999996,62.671011
19,Afghanistan,Samangan,36.0,67.666667
20,Afghanistan,Takhar,36.594073200000004,69.79389959999999
21,Afghanistan,Panjshir,35.4338536,69.79308990000001
22,Afghanistan,Zabul,32.306894199999995,67.12990400000001
23,Afghanistan,Wardak,34.3191345,68.3360426
24,Afghanistan,Faryab,35.9261784,64.62377579999999
25,Afghanistan,Ghor,34.1605257,64.9201949
26,Afghanistan,Badghis,35.0,63.75
27,Afghanistan,Parwan,34.979701399999996,68.9146703
28,Afghanistan,Paktika,32.393623100000006,68.70365140000001
29,Afghanistan,Badakhshan,36.80402539999999,71.36765799999999
30,Afghanistan,Oruzgan,32.812968100000006,66.0183185
31,Afghanistan,Sar-e Pol,35.5532126,66.24267660000001
32,Algeria,Blida Province,36.4701645,2.8287985
33,Algeria,Algiers Province,36.775360600000006,3.0601882000000002
34,Algeria,Oran Province,35.7032751,-0.6492975999999999
35,Algeria,Sétif Province,36.189275099999996,5.403493
36,Algeria,Tipaza Province,2.4482508999999997,36.5918179
37,Algeria,Aïn Defla Province,36.2656797,1.9701666000000002
38,Algeria,Béjaïa Province,36.7511783,5.0643687
39,Algeria,Constantine Province,36.364519,6.6082600000000005
40,Algeria,Tizi Ouzou Province,36.7137843,4.0493919
41,Algeria,Bordj Bou Arréridj Province,36.07411210000001,4.7613476
42,Algeria,Mostaganem Province,35.928808000000004,0.089978
43,Algeria,Tlemcen Province,34.881789000000005,-1.316699
44,Algeria,Chlef Province,36.164592,1.331499
45,Algeria,Djelfa Province,34.671359,3.254037
46,Algeria,Médéa Province,36.265344,2.766957
47,Algeria,Boumerdès Province,36.758882,3.470596
48,Algeria,Ouargla Province,31.944670000000002,5.320958
49,Algeria,Mascara Province,35.394081,0.1379568
50,Algeria,Tissemsilt Province,35.604813,1.8104759999999998
51,Algeria,Ghardaia Province,32.485855,3.677104
52,Algeria,Oum El Bouaghi Province,35.868775799999995,7.115064500000001
53,Algeria,Jijel Province,36.8167305,5.771494000000001
54,Algeria,Biskra Province,34.850850799999996,5.728687799999999
55,Algeria,El Oued Province,33.3611766,6.8603492
56,Algeria,Skikda Province,36.879882,6.907485
57,Algeria,Sidi Bel Abbès Province,35.1911682,-0.6347284000000001
58,Algeria,Tiaret Province,35.3661448,1.3194687
59,Algeria,Batna Province,35.554404,6.1767453
60,Algeria,Adrar Province,27.8733807,-0.2874884
61,Algeria,Annaba Province,36.8982165,7.7549272
62,Algeria,Aïn Témouchent Province,35.26665705,-1.1499276224075037
63,Algeria,Khenchela Province,7.145711,35.430153999999995
64,Algeria,Bouïra Province,36.373901200000006,3.9007007000000007
65,Algeria,Laghouat Province,33.8063518,2.8808616000000002
66,Algeria,Tébessa Province,35.4035956,8.1212322
67,Algeria,M'Sila Province,35.70875529999999,4.5371552
68,Algeria,Relizane Province,35.738119299999994,0.5547673000000001
69,Algeria,Guelma Province,36.465084000000004,7.4306470000000004
70,Algeria,Béchar Province,31.616535499999998,-2.2180053
71,Algeria,El Taref Province,35.6476666,5.4598195
72,Algeria,Mila Province,36.451941,6.262331
73,Algeria,Souk Ahras Province,36.284832,7.9515466
74,Algeria,Saïda Province,34.841640500000004,0.1509912
75,Algeria,El Bayadh Province,33.63785225,1.0122039112504564
76,Algeria,Illizi Province,26.4880835,8.357149150673568
77,Algeria,Naâma Province,33.2647342,-0.3110393
78,Algeria,Tamanrasset Province,22.7854543,5.5324465
79,Argentina,Buenos Aires Province,-35.145801399999996,-62.7306676
80,Argentina,Buenos Aires,-34.6075682,-58.4370894
81,Argentina,Chaco Province,-25.3042318,-57.6149682
82,Argentina,Cordoba,-31.4173391,-64.183319
83,Argentina,Santa Fe Province,-32.92920765,-60.818794351479255
84,Argentina,Río Negro,-40.4811973,-67.6145911
85,Argentina,Tierra del Fuego Province,-54.4071064,-67.8974895
86,Argentina,Neuquen,-38.369505700000005,-69.832275
87,Argentina,Mendoza Province,-35.145801399999996,-62.7306676
88,Argentina,La Rioja Province,-32.878750800000006,-68.835015
89,Argentina,Santa Cruz Province,-48.569332700000004,-70.1606767
90,Argentina,Corrientes,-28.5912315,-57.939465799999994
91,Argentina,Tucumán,-26.5643582,-64.882397
92,Argentina,Entre Rios,-31.6252842,-59.353957799999996
93,Argentina,Santiago del Estero Province,-34.7092989,-58.4090002
94,Argentina,San Luis Province,-25.2208616,-57.518976
95,Argentina,Jujuy,-23.3161458,-65.7595288
96,Argentina,La Pampa,-37.2314643,-65.3972948
97,Argentina,Misiones Province,-51.6296805,-69.2067251
98,Argentina,Salta Province,-32.896044800000006,-68.8348455
99,Argentina,Chubut Province,-44.990264200000006,-70.81717306137952
100,Argentina,San Juan Province,-25.4656076,-54.68059153754289
101,Armenia,Yerevan,40.177612100000005,44.5125849
102,Armenia,Ararat Province,39.9530516,44.801806075
103,Armenia,Kotayk Province,40.280317499999995,44.654579299999995
104,Armenia,Armavir Province,40.1158531,43.936541399999996
105,Armenia,Syunik Province,39.35086995,46.155037887649314
106,Armenia,Shirak Province,40.81400525,43.87987291777994
107,Armenia,Lori Province,40.9589685,44.546297582569274
108,Armenia,Aragatsotn Province,40.479544,44.29490030548395
109,Armenia,Gegharkunik Province,40.30526105,45.41001320000001
110,Armenia,Tavush Province,40.97285215,45.15347536249365
111,Armenia,Vayots Dzor Province,39.75381845,45.4236282167009
112,Australia,New South Wales,-31.875983500000004,147.2869493
113,Australia,Victoria,-36.5986096,144.6780052
114,Australia,Queensland,-22.1646782,144.58449030000003
115,Australia,Western Australia,-25.230300500000002,121.0187246
116,Australia,South Australia,-30.534366499999997,135.6301212
117,Australia,Tasmania,-42.14220555,146.67235178784668
118,Australia,Australian Capital Territory,-35.488350200000006,149.00269419999998
119,Australia,Northern Territory,-19.851610100000002,133.2303375
120,Austria,Tyrol,47.223193,11.5261028
121,Austria,Lower Austria,48.2817813,15.763245699999999
122,Austria,Upper Austria,48.25,14.0
123,Austria,Vienna,48.2083537,16.372504199999998
124,Austria,Styria,47.2500001,15.166666500000002
125,Austria,Salzburg,47.798134600000004,13.046480599999999
126,Austria,Vorarlberg,47.25,9.916666699999999
127,Austria,Carinthia,46.7500001,13.833333300000001
128,Austria,Burgenland,47.5000001,16.4166666
129,Belgium,Flanders,51.0962462,4.1798512892601565
130,Belgium,Wallonia,50.1545331,5.3991821671645575
131,Belgium,Brussels,50.8465573,4.351697
132,Bolivia,Santa Cruz Department,-17.333333,-61.5
133,Bolivia,La Paz Department,-18.0226485,-70.25354370000001
134,Bolivia,Cochabamba Department,-18.0226485,-70.25354370000001
135,Bolivia,Oruro Department,-22.0889644,-65.59196452500437
136,Bolivia,Potosi Department,-20.666667,-66.666667
137,Bolivia,Pando Department,-11.183333,-67.18333299999999
138,Bolivia,Tarija Department,-11.3760022,-67.288238
139,Bolivia,Beni Department,-19.024982,-65.703455
140,Bolivia,Chuquisaca Department,-64.416667,-20.0
141,Brazil,State of São Paulo,-23.5506507,-46.633382399999995
142,Brazil,State of Rio de Janeiro,-22.911013699999998,-43.2093727
143,Brazil,State of Ceará,-5.3264703,-39.715607299999995
144,Brazil,State of Pernambuco,-8.4116316,-37.591969899999995
145,Brazil,State of Amazonas,-4.479925,-63.518539600000004
146,Brazil,State of Bahia,-12.285250999999999,-41.9294776
147,Brazil,State of Maranhão,-5.2085503,-45.3930262
148,Brazil,State of Espírito Santo,-19.5687682,-40.1721991
149,Brazil,State of Minas Gerais,-18.526484399999998,-44.158865399999996
150,Brazil,State of Pará,-4.7493932999999995,-52.89730060000001
151,Brazil,State of Santa Catarina,-27.0628367,-51.114965000000005
152,Brazil,State of Paraná,-24.4842187,-51.8148872
153,Brazil,State of Rio Grande do Sul,-29.8425284,-53.76805770000001
154,Brazil,Federal District,-15.7754462,-47.7970891
155,Brazil,State of Rio Grande do Norte,-5.6781175,-36.4781776
156,Brazil,State of Amapá,1.3545441999999999,-51.9161977
157,Brazil,State of Goiás,-15.932366199999999,-50.13929279999999
158,Brazil,State of Paraíba,-7.1219366,-36.724684499999995
159,Brazil,State of Alagoas,-9.661166099999999,-36.650242600000006
160,Brazil,State of Roraima,2.135138,-61.3631922
161,Brazil,State of Rondônia,-10.943145,-62.8277863
162,Brazil,State of Acre,-9.0478679,-70.52649759999998
163,Brazil,State of Mato Grosso,-12.2115009,-55.5716547
164,Brazil,State of Piauí,-7.699278200000001,-42.504378700000004
165,Brazil,State of Mato Grosso do Sul,-19.5852564,-54.4794731
166,Brazil,State of Sergipe,-10.6743911,-37.377351899999994
167,Brazil,State of Tocantins,-10.8855129,-48.3716912
168,Cambodia,Sihanoukville,10.5045515,103.25784114285527
169,Cambodia,Phnom Penh,11.568271000000001,104.9224426
170,Cambodia,Kampong Cham Province,11.9921855,105.4628346
171,Cambodia,Battambang Province,13.0998526,103.19666590000001
172,Cambodia,Siem Reap Province,13.355487,103.8608382
173,Cambodia,Banteay Meanchey Province,13.589396100000002,102.9723093
174,Cambodia,Kep Province,10.4827998,104.3113349
175,Cambodia,Tbong Khmum Province,11.8914565,105.7756828
176,Cambodia,Kampong Chhnang Province,12.2536026,104.66583890000001
177,Cambodia,Kampot Province,10.6183061,104.1797339
178,Cambodia,Kandal Province,10.9986692,106.1691459
179,Cambodia,Koh Kong Province,11.456030199999999,103.122046
180,Cambodia,Preah Vihear Province,13.65115365,105.25819111658414
181,Canada,Quebec,52.4760892,-71.8258668
182,Canada,Ontario,50.000678,-86.000977
183,Canada,Alberta,55.001251,-115.00213600000001
184,Canada,British Columbia,55.001251,-125.00244099999999
185,Canada,Nova Scotia,45.1960403,-63.1653789
186,Canada,Saskatchewan,55.5321257,-106.1412243
187,Canada,Manitoba,55.001251,-97.001038
188,Canada,Newfoundland and Labrador,53.821732700000005,-61.2295532
189,Canada,New Brunswick,46.500283,-66.75018299999999
190,Canada,Prince Edward Island,46.50354535,-63.59551713991449
191,Canada,Yukon,63.000147,-136.002502
192,Canada,Northwest Territories,65.00000039999999,-118.0
193,Canada,Nunavut,70.0000073,-90.0
194,Chile,Santiago Metropolitan Region,-33.5739341,-70.62055179999999
195,Chile,Araucania,-38.67101160000001,-72.25645759999999
196,Chile,Ñuble,-36.633157700000005,-71.9384821
197,Chile,Bio Bio,-37.3391407,-72.4106825
198,Chile,Magallanes and Chilean Antarctica,-53.35275179999999,-71.5547782
199,Chile,Los Lagos,-42.300844,-73.105387
200,Chile,Valparaíso,-33.0458456,-71.6196749
201,Chile,Antofagasta,-23.6041314,-69.0842783
202,Chile,Maule,-35.5972284,-71.48868
203,Chile,Arica y Parinacota,-18.5918514,-69.75860829999999
204,Chile,Los Ríos,-39.9742911,-72.667478
205,Chile,Tarapacá,-20.1636672,-69.5463448
206,Chile,O'Higgins,-48.47302585,-72.84749314466745
207,Chile,Coquimbo,-30.7546652,-70.9005536
208,Chile,Atacama,-27.5571783,-70.0156882
209,Chile,Aysén,-46.143462899999996,-74.36488694169806
210,China,Hubei,31.15172525,112.87832224656044
211,China,Guangdong Province,24.7443043,113.08144820000001
212,China,Henan,34.0000001,113.9999999
213,China,Zhejiang,29.000000099999998,119.9999999
214,China,Hunan,27.999587800000004,112.00953799999999
215,China,Anhui,32.0,117.0
216,China,Jiangxi,28.0,116.0
217,China,Shandong,36.0000001,118.9999999
218,China,Jiangsu,33.0000001,119.9999999
219,China,Beijing,39.906217,116.3912757
220,China,Chongqing,29.5585712,106.5492822
221,China,Sichuan,30.500000099999998,102.4999999
222,China,Shanghai,31.232275800000004,121.4692071
223,China,Heilongjiang,48.000004700000005,127.99999199999999
224,China,Fujian,26.5450001,117.84277800000001
225,China,Hebei,39.0000001,116.0
226,China,Shaanxi,36.0,109.0
227,China,Guangxi,24.0,109.0
228,China,Yunnan,25.0,102.0
229,China,Tianjin,39.1235635,117.1980785
230,China,Hainan,19.2000001,109.5999999
231,China,Guizhou,27.0,107.0
232,China,Liaoning,40.997519700000005,122.99554690000001
233,China,Gansu,38.0000001,101.9999999
234,China,Shanxi,37.0,112.0
235,China,Inner Mongolia,43.2443242,114.32516640000001
236,China,Jilin,42.9995032,125.9816054
237,China,Xinjiang,41.7574769,87.16738423046895
238,China,Ningxia,37.0000001,105.9999999
239,China,Qinghai,35.40709525,95.95211573241954
240,China,Tibet,31.89434315,87.07813712706509
241,Croatia,City of Zagreb,45.79151065,15.98246722398631
242,Croatia,Split-Dalmatia County,43.07361015,16.027989049469006
243,Croatia,Krapina-Zagorje County,46.0983218,15.937740400000001
244,Croatia,Zagreb County,45.7017634,16.2347136
245,Croatia,Osijek-Baranja County,45.541111,18.4384615
246,Croatia,Dubrovnik-Neretva County,42.758084499999995,17.3352326
247,Croatia,Istria County,45.2098898,13.6822959
248,Croatia,Primorje-Gorski Kotar County,45.4225937,14.6172032
249,Croatia,Zadar County,44.223288200000006,15.3739652
250,Croatia,Šibenik-Knin County,43.8410419,16.022628
251,Croatia,Koprivnica-Križevci County,46.12020575,16.779842997977994
252,Croatia,Varaždin County,46.2572752,16.2900851
253,Croatia,Vukovar-Srijem County,45.228340700000004,18.8590442
254,Croatia,Sisak-Moslavina County,45.3330101,16.49187075036225
255,Croatia,Karlovac County,45.2826564,15.4190997
256,Croatia,Brod-Posavina County,45.2444285,17.9232927
257,Croatia,Lika-Senj County,44.668256299999996,15.322577599999999
258,Croatia,Bjelovar-Bilogora County,45.746214200000004,16.9212335
259,Croatia,Virovitica-Podravina County,45.7732751,17.5789161
260,Croatia,Međimurje County,46.4232963,16.4661353
261,Croatia,Požega-Slavonia County,45.438115100000005,17.5133687
262,Dominican Republic,Distrito Nacional,18.48525785,-69.92990811529472
263,Dominican Republic,Santo Domingo Province,18.4801972,-69.942111
264,Dominican Republic,Santiago Province,19.4503932,-70.6909047
265,Dominican Republic,Duarte Province,19.796121799999998,-70.69147609999999
266,Dominican Republic,La Vega Province,19.2237411,-70.5284071
267,Dominican Republic,La Altagracia,18.5823788,-68.6587525
268,Dominican Republic,Puerto Plata Province,19.7893977,-70.6940515
269,Dominican Republic,San Pedro de Macorís Province,18.4601161,-69.3027395
270,Dominican Republic,Espaillat Province,18.4234077,-68.970927
271,Dominican Republic,La Romana Province,18.4272786,-68.9734597
272,Dominican Republic,Monseñor Nouel,18.8820257,-70.418098
273,Dominican Republic,Hermanas Mirabal Province,18.502478200000002,-69.82829140000001
274,Dominican Republic,Samaná Province,19.2055052,-69.3362252
275,Dominican Republic,San Cristóbal Province,18.417453100000003,-70.11033459999999
276,Dominican Republic,Sánchez Ramírez Province,-70.1448351,19.0176147
277,Dominican Republic,Azua Province,18.453259399999997,-70.73240109999999
278,Dominican Republic,María Trinidad Sánchez Province,18.431132100000003,-69.0239872
279,Dominican Republic,San Juan Province,18.477579199999997,-69.9766214
280,Dominican Republic,Barahona Province,18.2101889,-71.1012325
281,Dominican Republic,Hato Mayor Province,18.763250199999998,-69.2571917
282,Dominican Republic,Santiago Rodríguez Province,18.4745773,-69.8884978
283,Dominican Republic,Valverde Province,18.4861819,-69.89126170000002
284,Dominican Republic,Independencia Province,19.4530693,-70.7008841
285,Dominican Republic,Monte Cristi Province,19.848379,-71.64566529999999
286,Dominican Republic,Monte Plata Province,18.8100643,-69.78753540000001
287,Dominican Republic,Peravia Province,18.4927899,-69.993166
288,Dominican Republic,Baoruco Province,18.0766275,-71.0952214
289,Dominican Republic,Dajabón Province,19.550137600000003,-71.7039072
290,Dominican Republic,El Seibo Province,18.7639305,-69.03729229999999
291,Dominican Republic,Elías Piña Province,-71.69594790000001,18.995254199999998
292,Dominican Republic,Pedernales Province,18.0431598,-71.7432093
293,Dominican Republic,San José de Ocoa Province,18.546405,-70.50567029999999
294,Ecuador,Guayas,-2.0,-80.0
295,Ecuador,Pichincha,-0.0584893,-78.32843709999999
296,Ecuador,Los Ríos Province,-1.5586569,-79.7542606
297,Ecuador,Manabí Province,-0.4,-80.3
298,Ecuador,El Oro,-3.5311093000000002,-79.83332340000001
299,Ecuador,Azuay,-3.0524451,-79.2395135
300,Ecuador,Santa Elena Province,-2.088082,-80.51908093389802
301,Ecuador,Cañar Province,-2.4,-79.2
302,Ecuador,Loja,-4.0528506,-79.80534250000001
303,Ecuador,Chimborazo Province,-1.7511331,-78.633333
304,Ecuador,Esmeraldas Province,1.058611,-78.968056
305,Ecuador,Santo Domingo de los Tsáchilas Province,-0.2558522,-79.18443772696759
306,Ecuador,Tungurahua,-1.2765895,-78.4754667
307,Ecuador,Bolívar Province,-5.7559052,-78.4545442
308,Ecuador,Cotopaxi Province,-1.083333,-78.833333
309,Ecuador,Galápagos Islands,-0.62881505,-90.36387520223239
310,Ecuador,Imbabura Province,0.75,-78.416667
311,Ecuador,Carchi Province,0.933333,-78.5
312,Ecuador,Sucumbíos Province,0.166389,-76.711667
313,Ecuador,Morona-Santiago Province,-2.666667,-77.85
314,Ecuador,Zamora-Chinchipe Province,-4.184707100000001,-78.9364356
315,Ecuador,Pastaza Province,-1.47033055,-76.89132397657048
316,Ecuador,Orellana Province,-2.18254285,-79.8950218287101
317,Ecuador,Provincia de Napo,-1.8557374,-79.980994
318,Finland,Uusimaa,60.2246684,25.12726308225769
319,Finland,Southwest Finland,60.3059485,22.41442603089336
320,Finland,Pirkanmaa,61.7171466,23.71571339560399
321,Finland,Northern Savonia,27.530394841137646,63.0883598
322,Finland,Northern Ostrobothnia,65.01776105,25.475309266121503
323,Finland,Central Finland,62.53101395,25.50568325133171
324,Finland,Lapland,26.728204479201413,67.69291045
325,Finland,Tavastia Proper,24.153192009582575,60.93769605
326,Finland,Päijänne Tavastia,61.144425899999995,25.687187045973182
327,Finland,Kainuu,64.59873065,28.300198845857643
328,Finland,Satakunta,61.59201665000001,21.779944486727157
329,Finland,Ostrobothnia,62.96867215,21.36251426194388
330,Finland,Southern Savonia,27.98820443747439,61.90173715
331,Finland,Southern Ostrobothnia,24.50803078031766,60.66970185
332,Finland,Kymenlaakso,60.7318529,27.082883965665253
333,Finland,North Karelia,62.801408499999994,30.213455302117616
334,Finland,South Karelia,61.26671405,28.405512513307876
335,Finland,Central Ostrobothnia,63.6476557,24.111411271292845
336,Germany,Bavaria,48.9467562,11.4038717
337,Germany,North Rhine-Westphalia,51.478179600000004,7.5542336
338,Germany,Baden-Württemberg,48.6296972,9.1949534
339,Germany,Lower Saxony,52.8398531,9.075961999999999
340,Germany,Hesse,50.611853700000005,9.1909725
341,Germany,Rhineland-Palatinate,49.953159899999996,7.310646
342,Germany,Berlin,52.517036499999996,13.388859900000002
343,Germany,Saxony,50.92957979999999,13.4585052
344,Germany,Hamburg,53.543764100000004,10.009913300000001
345,Germany,Schleswig-Holstein,54.1853998,9.8220089
346,Germany,Brandenburg,52.84554920000001,13.2461296
347,Germany,Saarland,49.417398799999994,6.9805789
348,Germany,Thuringia,50.73331629999999,11.0747905
349,Germany,Saxony-Anhalt,51.908526,11.4939134
350,Germany,Bremen,53.0758196,8.8071646
351,Germany,Mecklenburg-Vorpommern,53.773523399999995,12.5755746
352,Hungary,Budapest,47.4983815,19.0404707
353,Hungary,Pest County,47.3715943,19.3452624
354,Hungary,Fejér,47.0939434,18.6088562
355,Hungary,Gyor-Moson-Sopron,47.661013399999995,17.3796437
356,Hungary,Csongrád,46.451516399999996,20.227760600000003
357,Hungary,Szabolcs-Szatmár-Bereg,48.0297821,22.0040108
358,Hungary,Borsod-Abaúj-Zemplén,48.2397936,21.135347399999997
359,Hungary,Baranya,45.9714436,18.1669246
360,Hungary,Veszprém,47.092805799999994,17.9140147
361,Hungary,Komárom-Esztergom,47.651159899999996,18.2551911
362,Hungary,Zala County,46.6713343,16.889469199999997
363,Hungary,Bács-Kiskun,46.5809294,19.512853200000002
364,Hungary,Somogy County,46.439656,17.6212956
365,Hungary,Hajdú-Bihar,47.4407848,21.475228100000002
366,Hungary,Nógrád County,47.98736160000001,19.5472495
367,Hungary,Jász-Nagykun-Szolnok,47.2971598,20.453178
368,Hungary,Vas County,47.1371935,16.780898
369,Hungary,Tolna County,46.488344700000006,18.5050005
370,Hungary,Békés County,46.786299299999996,20.9820736
371,Hungary,Heves County,47.7884409,20.171441199999997
372,Iceland,Capital Region,64.17271375,-21.56675754335205
373,Iceland,Southern Region,64.1282428,-19.724859570144
374,Iceland,Westfjords Region,-21.81272272456412,65.9044156
375,Iceland,Southern Peninsula Region,-22.20220659202029,63.94134125
376,Iceland,Northeastern Region,65.59269925,-17.26672345863144
377,Iceland,Western Region,64.89592765,-22.15481901378846
378,Iceland,Northwestern Region,65.46774135,-19.867358702153712
379,Iceland,Eastern Region,64.86808500000001,-15.18809756721042
380,India,Maharashtra,19.531932,76.0554568
381,India,Gujarat,22.41540825,72.03149703699282
382,India,Delhi,28.6517178,77.22193879999999
383,India,Rajasthan,26.8105777,73.76845490000001
384,India,Madhya Pradesh,23.969928200000002,79.39486954625225
385,India,Tamil Nadu,10.909433400000001,78.3665347
386,India,Uttar Pradesh,27.1303344,80.859666
387,India,Telangana,17.8495919,79.1151663
388,India,Andhra Pradesh,15.9240905,80.1863809
389,India,West Bengal,22.9964948,87.6855882
390,India,Karnataka,14.520389600000001,75.7223521
391,India,Kerala,10.352874400000001,76.5120396
392,India,Jammu and Kashmir,34.0476564,76.7972892
393,India,Punjab,30.929321100000003,75.5004841
394,India,Haryana,29.0,76.0
395,India,Bihar,25.6440845,85.906508
396,India,Odisha,20.5431241,84.6897321
397,India,Jharkhand,23.455980899999997,85.2557301
398,India,Uttarakhand,30.09199355,79.32176659343018
399,India,Himachal Pradesh,31.81676015,77.34932051968858
400,India,Chhattisgarh,21.6637359,81.84063509999999
401,India,Assam,26.4073841,93.25513029999999
402,India,Chandigarh,30.7194022,76.7646552
403,India,Andaman and Nicobar Islands,10.2188344,92.57713290000001
404,India,Ladakh,33.9456407,77.6568576
405,India,Meghalaya,25.5379432,91.29991020000001
406,India,Goa,15.3004543,74.08551340000001
407,India,Puducherry,11.934056800000002,79.83064470000001
408,India,Manipur,24.7208818,93.9229386
409,India,Tripura,23.7750823,91.70250909999999
410,India,Arunachal Pradesh,27.6891712,96.45972259999999
411,India,Mizoram,23.2146169,92.86876120000001
412,India,Nagaland,26.1630556,94.5884911
413,Indonesia,Jakarta,-6.1753942,106.827183
414,Indonesia,West Java,-6.889190400000001,107.6404716
415,Indonesia,East Java,-7.6977397,112.4914199
416,Indonesia,Central Java,-5.6259648,110.37164897312937
417,Indonesia,South Sulawesi,-3.6446718000000002,119.9471906
418,Indonesia,Banten,-6.47800285,105.54102849016589
419,Indonesia,Bali,-8.3304977,115.09064009999999
420,Indonesia,West Nusa Tenggara,-8.7892855,117.146169
421,Indonesia,Papua,-4.11501855,137.9966136
422,Indonesia,South Kalimantan,-2.9285686,115.37007179999999
423,Indonesia,South Sumatra,-3.1266842,104.0930554
424,Indonesia,North Sumatra,2.1923519000000002,99.3812201
425,Indonesia,West Sumatra,-1.33589025,100.07222762395328
426,Indonesia,Central Kalimantan,-1.4995829999999999,113.2903307
427,Indonesia,East Kalimantan,0.7884397,116.2419977
428,Indonesia,Riau Islands,-0.1547846,104.5803745
429,Indonesia,North Kalimantan,3.0235817000000003,116.20493059999998
430,Indonesia,Special Region of Yogyakarta,-7.977838399999999,110.36722565020223
431,Indonesia,West Kalimantan,-0.13223870000000001,111.09689009999998
432,Indonesia,South East Sulawesi,-3.5491199,121.72796459999999
433,Indonesia,Lampung,-4.8555039,105.02729860000001
434,Indonesia,North Sulawesi,0.6555692,124.090151
435,Indonesia,Riau,0.94000845,101.6556177091926
436,Indonesia,West Sulawesi,-2.4974546,119.3918955
437,Indonesia,Central Sulawesi,-1.6937786,120.80885549999999
438,Indonesia,Jambi,-1.611572,102.779699
439,Indonesia,Maluku,-5.358051799999999,130.35838229206553
440,Indonesia,West Papua,-1.3842356000000002,132.902528
441,Indonesia,North Maluku,0.6301215,127.9720219
442,Indonesia,Gorontalo,0.7186174,122.45559270000001
443,Indonesia,Bangka Belitung Islands,-2.5329040000000003,107.57571366281124
444,Indonesia,Aceh,4.368549099999999,97.02530240000002
445,Indonesia,Bengkulu,-3.5186763,102.5359834
446,Indonesia,East Nusa Tenggara,-8.5656787,120.6978581
447,Iran,Tehran Province,35.50219455,51.32690982349512
448,Iran,Isfahan Province,33.196733,52.504026
449,Iran,Mazandaran Province,36.3159159,51.8968597
450,Iran,Gilan Province,37.5115476,49.35544298497066
451,Iran,Qom Province,34.7191915,51.0122844
452,Iran,Alborz Province,35.9413239,50.7884216
453,Iran,Markazi Province,34.5302705,49.786456099999995
454,Iran,Razavi Khorasan Province,32.6475314,54.56435160000001
455,Iran,East Azerbaijan Province,37.921120200000004,46.682151700000006
456,Iran,Yazd Province,32.245268599999996,55.105171999999996
457,Iran,Qazvin Province,36.015629100000005,49.8398161
458,Iran,Semnan Province,35.3843145,54.620930200000004
459,Iran,Fars Province,29.299051000000002,53.218456
460,Iran,Lorestan Province,33.5372643,48.24351970000001
461,Iran,Khuzestan Province,31.5535141,49.0077168
462,Iran,West Azerbaijan Province,37.7416484,45.0207638
463,Iran,Zanjan Province,36.515854,48.4777616
464,Iran,Golestan Province,37.1984436,55.070671999999995
465,Iran,Ardabil Province,38.45839829999999,47.9313001
466,Iran,Kermanshah Province,34.378974400000004,46.7010122
467,Iran,Kurdistan Province,35.672803,47.0124376
468,Iran,Ilam Province,33.1545696,46.7576343
469,Iran,South Khorasan Province,33.129577000000005,58.1065069
470,Iran,Hamadan Province,34.973321,48.6555779
471,Iran,Kerman Province,29.571858000000002,57.301047
472,Iran,North Khorasan Province,37.5378855,56.9526137
473,Iran,Hormozgan Province,27.719809499999997,56.335806999999996
474,Iran,Sistan and Baluchestan Province,28.1292481,60.8236848
475,Iran,Kohgiluyeh and Boyer-Ahmad Province,30.65296915,51.607204522835076
476,Iran,Chaharmahal and Bakhtiari Province,50.685709,32.0163307
477,Iran,Bushehr Province,28.893664500000003,51.3204877
478,Iraq,Baghdad Governorate,33.0112777,44.3849679
479,Iraq,Najaf Governorate,44.329992600000004,32.0010227
480,Iraq,Basra Governorate,30.5132105,47.8307605
481,Iraq,Erbil Governorate,44.166182011804885,36.37662015
482,Iraq,Sulaymaniyah Governorate,35.56497095,45.37695234981869
483,Iraq,Karbala Governorate,16.313895000000002,43.293572
484,Iraq,Dhi Qar Governorate,46.3068347,31.2857941
485,Iraq,Al Muthanna Governorate,45.0188363,30.501576300000004
486,Iraq,Wasit Governorate,45.6848009,32.6944827
487,Iraq,Kirkuk Governorate,35.46032085,44.38263033213807
488,Iraq,Halabja,35.1792062,45.98736829999999
489,Iraq,Diyala Governorate,45.1046224,34.0228719
490,Iraq,Babylon Governorate,32.5021687,44.4170864
491,Iraq,Duhok Governorate,36.8649658,42.9997041
492,Iraq,Al-Qādisiyyah Governorate,29.803611,30.913889
493,Iraq,Maysan Governorate,31.852625399999997,47.14443729999999
494,Iraq,Nineveh Governorate,43.16216471288615,36.3564339
495,Iraq,Al Anbar Governorate,41.609398299999995,32.788944300000004
496,Iraq,Saladin Governorate,34.449783350000004,43.79360485008835
497,Ireland,County Dublin,53.40642945,-6.287101473674746
498,Ireland,County Cavan,54.03497495,-7.293702282558367
499,Ireland,County Westmeath,53.5577902,-7.347855826009757
500,Ireland,County Wicklow,52.95814675,-6.381970708677661
501,Ireland,County Kildare,53.15436455,-6.8184175660976445
502,Ireland,County Louth,53.90628485,-6.532050201271117
503,Ireland,County Monaghan,54.1610664,-6.946364847585796
504,Ireland,County Offaly,53.13617215,-7.810340751784168
505,Ireland,County Meath,53.64978435,-6.588529492009938
506,Ireland,County Mayo,53.9087056,-9.298304863654256
507,Ireland,County Donegal,54.92075415,-7.95238521465131
508,Ireland,County Kilkenny,52.5687098,-7.188983092181513
509,Ireland,County Cork,51.91750415,-8.585992213774254
510,Ireland,County Longford,53.73198489999999,-7.695351399013169
511,Ireland,County Limerick,52.51872675,-8.795847192260755
512,Ireland,County Tipperary,52.68477435,-7.8980804103039715
513,Ireland,County Kerry,52.14533445,-9.517401092833236
514,Ireland,County Laois,52.998457499999994,-7.398033775032418
515,Ireland,County Leitrim,54.140162200000006,-8.052478216276088
516,Ireland,County Clare,52.85725745000001,-8.937435925994537
517,Ireland,County Galway,53.34350465,-8.873374084151076
518,Ireland,County Sligo,54.19298605,-8.7305426729522
519,Ireland,County Waterford,52.1509131,-7.657798180652728
520,Ireland,County Roscommon,-8.218250761296192,53.698269499999995
521,Ireland,County Carlow,52.69053605,-6.825018897584656
522,Ireland,County Wexford,52.46018745,-6.606515459159162
523,Italy,Lombardy,45.6209,9.768892999999998
524,Italy,Emilia-Romagna,44.525696,11.039437
525,Italy,Piedmont,44.7605629,8.2998538
526,Italy,Veneto,45.6476663,11.8665254
527,Italy,Tuscany,43.458654100000004,11.1389204
528,Italy,Liguria,44.4777617,8.7026296
529,Italy,Lazio,41.9808038,12.766231199999998
530,Italy,Marche,43.345838799999996,13.1415872
531,Italy,Campania,40.860671999999994,14.843983999999999
532,Italy,Apulia,40.9842539,16.621002700000002
533,Italy,Trentino,46.102817,11.129543099871787
534,Italy,Sicily,37.587794,14.155048
535,Italy,Friuli-Venezia Giulia,46.151042,13.055904
536,Italy,Abruzzo,42.227681,13.854982999999999
537,Italy,South Tyrol,46.65594215,11.229637264169462
538,Italy,Umbria,42.965916,12.490236
539,Italy,Sardinia,40.06160405,9.097753806553065
540,Italy,Aosta,45.7370885,7.3196649
541,Italy,Calabria,39.0565974,16.5249864
542,Italy,Basilicata,40.500571,16.081953
543,Italy,Molise,41.684672,14.595614000000001
544,Japan,Tokyo,35.682838700000005,139.7594549
545,Japan,Osaka,34.619881299999996,135.49035700000002
546,Japan,Kanagawa,35.4342935,139.374753
547,Japan,Chiba,35.609984999999995,140.118126
548,Japan,Saitama,35.9754168,139.4160114
549,Japan,Hyogo,34.914934,134.86066599999998
550,Japan,Fukuoka,33.6251241,130.61800159999999
551,Japan,Hokkaido,43.4603175,143.33071579283663
552,Japan,Aichi,34.9991645,137.254574
553,Japan,Kyoto,35.021041,135.7556075
554,Japan,Ishikawa,36.988867799999994,136.8163563
555,Japan,Ibaraki,36.286953600000004,140.4703384
556,Japan,Toyama,36.6468015,137.2183531
557,Japan,Gifu,35.786744899999995,137.04607769999998
558,Japan,Hiroshima,34.391605799999994,132.4518156
559,Japan,Gunma,36.52198,139.03348300000002
560,Japan,Okinawa,26.570775399999995,128.0255901
561,Japan,Fukui,35.9263502,136.60681269999998
562,Japan,Nagasaki,33.1154683,129.78743390000002
563,Japan,Shiga,35.247153999999995,136.109385
564,Japan,Miyagi,38.3880155,140.9761025
565,Japan,Nara,34.2963089,135.88168190000002
566,Japan,Kochi,33.6569018,133.56062409999998
567,Japan,Yamagata,38.4746705,140.08323700000003
568,Japan,Fukushima,37.754540000000006,140.4592144
569,Japan,Niigata,37.6452283,138.7669125
570,Japan,Nagano,36.1143945,138.0319015
571,Japan,Oita,33.1819875,131.42702169999998
572,Japan,Shizuoka,34.933248799999994,138.0955398
573,Japan,Tochigi,36.3824655,139.73414350000002
574,Japan,Wakayama,33.8070292,135.5930743
575,Japan,Yamanashi,35.6399328,138.63804950000002
576,Japan,Ehime,33.601364600000004,132.8185275
577,Japan,Kumamoto,32.6450475,130.6341345
578,Japan,Mie,34.7339685,136.5154489
579,Japan,Saga,33.2185408,130.1296585
580,Japan,Yamaguchi,34.2379614,131.58738449999998
581,Japan,Kagawa,34.2480104,134.05865790000001
582,Japan,Aomori,40.886943,140.59012099999998
583,Japan,Okayama,34.8581334,133.7759256
584,Japan,Miyazaki,32.097681,131.29454199999998
585,Japan,Akita,39.689880200000005,140.342608
586,Japan,Shimane,34.94182120000001,132.53743899999998
587,Japan,Kagoshima,31.521587,130.5474077
588,Japan,Tokushima,33.919641799999994,134.25096340000002
589,Japan,Tottori,35.3555075,133.8678525
590,Japan,Iwate,39.5713763,141.4253574
591,Mexico,Mexico City,19.4326296,-99.1331785
592,Mexico,State of Mexico,19.4839446,-99.68997159999999
593,Mexico,Baja California,30.0338923,-115.1425107
594,Mexico,Sinaloa,25.0000001,-107.5000001
595,Mexico,Tabasco,17.95078635,-92.48312213241395
596,Mexico,Quintana Roo,19.6666671,-88.5000001
597,Mexico,Puebla,18.833333,-98.0
598,Mexico,Baja California Sur,25.5818014,-111.5706164
599,Mexico,Coahuila,27.3333331,-102.0000001
600,Mexico,Jalisco,20.3333331,-103.6666671
601,Mexico,Veracruz,19.333333,-96.666667
602,Mexico,Nuevo Leon,26.2384363,-99.8873
603,Mexico,Yucatan,20.6845957,-88.87556690000001
604,Mexico,Chihuahua,28.500000099999998,-106.0000001
605,Mexico,Guanajuato,20.987699600000003,-101.0
606,Mexico,Tamaulipas,23.9891553,-98.7026825
607,Mexico,Michoacán,19.207098000000002,-101.878113
608,Mexico,Guerrero,17.666667,-100.0
609,Mexico,Aguascalientes,22.0000001,-102.5000001
610,Mexico,Sonora,29.3333331,-110.66666709999998
611,Mexico,Hidalgo,20.5,-99.0
612,Mexico,Morelos,18.75,-99.0
613,Mexico,Tlaxcala,19.416667,-98.166667
614,Mexico,Querétaro,20.854257500000003,-99.84756
615,Mexico,Chiapas,16.500000099999998,-92.5000001
616,Mexico,Oaxaca,17.0,-96.5
617,Mexico,San Luis Potosi,22.5000001,-100.5000001
618,Mexico,Campeche,19.32920555,-89.9439148263377
619,Mexico,Nayarit,21.8438765,-104.87148535201122
620,Mexico,Zacatecas,23.0000001,-103.0000001
621,Mexico,Durango,24.833333,-104.833333
622,Mexico,Colima,19.166667,-104.0
623,Moldova,Chisinau,47.0244707,28.8322534
624,Moldova,Transnistria,46.990566799999996,29.4772511
625,Moldova,Soroca District,48.164075200000006,28.16168004981313
626,Moldova,Ștefan Vodă District,46.51599829999999,29.66029450049081
627,Moldova,Glodeni District,47.72743085000001,27.484220580699677
628,Moldova,Fălești District,47.575170899999996,27.682729901345876
629,Moldova,Edineţ District,48.14641075,27.27253703338933
630,Moldova,Căușeni District,46.604501500000005,29.260402050614534
631,Moldova,Orhei District,47.40012725,28.76154797180219
632,Moldova,Cahul District,45.81213505,28.29199196636291
633,Moldova,Ialoveni District,46.8661989,28.81399456278325
634,Moldova,Hîncești District,46.84686165,28.417482104020497
635,Moldova,Balti,47.7620065,27.928622100000002
636,Moldova,Strășeni District,47.161640999999996,28.54285889249443
637,Moldova,Taraclia District,45.8973216,28.622919484479127
638,Moldova,Sîngerei District,47.6712726,28.1804580202084
639,Moldova,Criuleni District,47.20655525,28.984104915582105
640,Moldova,Bender,46.821817700000004,29.4819196
641,Moldova,Gagauzia,46.203052,28.76157903735702
642,Moldova,Florești District,47.88059905,28.27124083031211
643,Moldova,Rezina District,47.70398105,28.796710988342795
644,Moldova,Dondușeni District,48.21650555,27.60167284295917
645,Moldova,Dubăsari District,47.316745399999995,29.07816444203909
646,Moldova,Anenii Noi,46.8815631,29.2309122
647,Moldova,Telenești District,47.5666994,28.52513718945919
648,Moldova,Ungheni District,47.2568165,27.89092403943809
649,Moldova,Cantemir District,46.2501064,28.346840370909433
650,Moldova,Rîșcani District,47.9241151,27.45224203274806
651,Moldova,Briceni District,48.278037,26.94802250324881
652,Moldova,Călărași District,47.30280225,28.307102604154743
653,Moldova,Nisporeni District,47.08201635,28.16316572517789
654,Moldova,Cimișlia District,46.59215145,28.811140574534697
655,Moldova,Drochia District,48.03384025,27.829074153315965
656,Moldova,Leova District,46.52170255,28.401546299526764
657,Moldova,Ocnița District,48.35342585,27.39539424010169
658,Moldova,Basarabeasca District,46.39813565,28.90248797561072
659,Moldova,Șoldănești District,47.8447193,28.665898622950763
660,Montenegro,Podgorica Municipality,42.44594995,19.2098386556408
661,Montenegro,Tuzi Urban municipality,19.35652623008785,42.379167200000005
662,Montenegro,Nikšić Municipality,42.836788500000004,18.851992115152346
663,Montenegro,Bar Municipality,42.13654685,19.202528815662266
664,Montenegro,Ulcinj Municipality,41.964938200000006,19.315483634344226
665,Montenegro,Andrijevica Municipality,42.7219982,19.754573998598595
666,Montenegro,Budva Municipality,42.25925725000001,18.92013066455736
667,Montenegro,Plav Municipality,42.6087914,19.965122024931137
668,Montenegro,Bijelo Polje Municipality,43.0787479,19.692087263269595
669,Montenegro,Herceg Novi Municipality,42.50423195,18.543928701577233
670,Montenegro,Danilovgrad Municipality,42.6120612,19.100779698394014
671,Montenegro,Tivat Municipality,42.42015120000001,18.71982789464285
672,Morocco,Casablanca-Settat,33.2627128,-7.963902799999999
673,Morocco,Marrakesh-Safi,31.6390337,-8.0043887
674,Morocco,Fez-Meknès,33.8333136,-4.8556382000000005
675,Morocco,Tangier-Tétouan-Al Hoceima,35.202940999999996,-5.5510167
676,Morocco,Rabat-Salé-Kénitra,33.920433200000005,-6.3676093
677,Morocco,Drâa-Tafilalet,31.183543199999995,-5.139543499999999
678,Morocco,Oriental,33.320213800000005,-2.4238471
679,Morocco,Béni Mellal-Khenifra,32.6407498,-6.207105
680,Morocco,Souss-Massa,30.187721999999997,-8.6322498
681,Morocco,Laâyoune-Sakia El Hamra,-12.9766773,26.7300936
682,Morocco,Guelmim-Oued Noun,28.527370299999998,-10.031551499999999
683,Morocco,Oued Ed-Dahab-Lagouira,23.6989172,-15.9310551
684,Nigeria,Lagos,6.4550575,3.3941795
685,Nigeria,Federal Capital Territory,8.831122800000001,7.172467299999999
686,Nigeria,Kano,11.894838900000002,8.5364136
687,Nigeria,Ogun State,7.139575999999999,3.3450437999999996
688,Nigeria,Katsina,12.5630825,7.620706299999999
689,Nigeria,Osun,7.548404700000001,4.4978307
690,Nigeria,Edo,6.607657499999999,5.972271299999999
691,Nigeria,Oyo,8.215124900000001,3.5642897000000002
692,Nigeria,Borno,12.1875392,13.308003400000002
693,Nigeria,Kwara,8.8367891,4.6688487
694,Nigeria,Akwa Ibom,4.9408638,7.841226700000001
695,Nigeria,Gombe,10.38301,11.206567
696,Nigeria,Kaduna,10.3825318,7.853322599999999
697,Nigeria,Bauchi,10.6228284,10.0287754
698,Nigeria,Delta,5.5273061,6.1784167000000005
699,Nigeria,Ekiti,7.736891,5.2738325999999995
700,Nigeria,Ondo,7.0209686,5.0567477
701,Nigeria,Rivers,4.8416027999999995,6.8604088
702,Nigeria,Abia,5.4540953000000005,7.515307099999999
703,Nigeria,Enugu,6.5536094,7.4143061
704,Nigeria,Jigawa,12.325236199999999,9.5103296
705,Nigeria,Niger,9.932608300000002,5.651108799999999
706,Nigeria,Adamawa,9.5129772,12.388188699999999
707,Nigeria,Anambra,6.2183136,6.953184200000001
708,Nigeria,Benue,8.777287699999999,7.3505747
709,Nigeria,Plateau,9.0583446,9.682628900000001
710,Nigeria,Sokoto,13.0611195,5.3152203
711,Norway,Oslo,59.913330099999996,10.7389701
712,Norway,Viken,59.9263265,9.904234519577857
713,Norway,Vestland,60.929101100000004,6.107886941976156
714,Norway,Innlandet,61.26810555,10.485458802304304
715,Norway,Rogaland,58.93631375,5.805878643040238
716,Norway,Trøndelag,63.87759235,10.195050547141092
717,Norway,Agder,58.71944225,8.034963534558171
718,Norway,Vestfold og Telemark,59.39626765,9.061898163187935
719,Norway,Troms og Finnmark,69.86993469999999,21.827278548625912
720,Norway,Møre og Romsdal,62.8452777,7.518194072637362
721,Norway,Nordland,67.27564050000001,13.862360639913618
722,Pakistan,Khyber Pakhtunkhwa,34.5,72.0
723,Pakistan,Punjab,31.0,72.0
724,Pakistan,Sindh,25.5,69.0
725,Pakistan,Balochistan,28.0,66.0
726,Pakistan,Gilgit-Baltistan,35.9999972,75.00000229999999
727,Pakistan,Islamabad Capital Territory,33.63573935,72.92304670276317
728,Pakistan,Azad Jammu and Kashmir,73.796642,33.844120000000004
729,Peru,Lima Region,-4.594056,-81.26044940000001
730,Peru,Callao Region,-77.1095687739774,-12.0089367
731,Peru,Lambayeque,-6.3333330000000005,-80.0
732,Peru,Loreto,-5.0,-75.0
733,Peru,Piura,-5.0,-80.333333
734,Peru,La Libertad,-8.0,-78.5
735,Peru,Ancash,-9.5,-77.75
736,Peru,Arequipa,-16.3988667,-71.53696070000001
737,Peru,Ica,-14.338610999999998,-75.648333
738,Peru,Tumbes,-3.833333,-80.5
739,Peru,Ucayali,-9.0,-73.5
740,Peru,Junin,-11.5,-75.0
741,Peru,Cusco,-13.517088699999999,-71.97853559999999
742,Peru,Huanuco,-9.5,-75.833333
743,Peru,San Martin,-7.0,-76.833333
744,Peru,Cajamarca,-6.25,-78.833333
745,Peru,Madre de Dios,-12.0,-70.25
746,Peru,Amazonas,-5.0,-78.0
747,Peru,Apurimac,-14.0,-73.0
748,Peru,Moquegua,-16.833333,-70.916667
749,Peru,Tacna,-18.013869600000003,-70.2511597
750,Peru,Pasco,-10.5,-75.25
751,Peru,Ayacucho,-14.0,-74.0
752,Peru,Puno,-15.0,-70.0
753,Peru,Huancavelica,-13.0,-75.0
754,Philippines,Metro Manila,14.5736108,121.0329706
755,Philippines,Calabarzon,14.1638114,121.35366010781269
756,Philippines,Central Luzon,15.390911849999998,120.68569951248944
757,Philippines,Central Visayas,10.264054,123.86939597334481
758,Philippines,Davao Region,6.610975,125.42986518727275
759,Philippines,Ilocos Region,17.201295899999998,120.47134539388077
760,Philippines,Western Visayas,10.67295935,122.72299087286852
761,Philippines,Bicol,13.100588,123.52313310936306
762,Philippines,Cagayan Valley,17.68069845,121.87547698030208
763,Philippines,Cordillera Administrative Region,17.36674735,121.06316012339529
764,Philippines,SOCCSKSARGEN,6.594075999999999,124.53813740467243
765,Philippines,MIMAROPA,13.0152201,121.40641830505142
766,Philippines,Northern Mindanao,8.40488525,124.6871960669078
767,Philippines,Zamboanga Peninsula,7.77301775,122.75600476636144
768,Philippines,Autonomous Region in Muslim Mindanao,120.0284034624274,5.8506231
769,Philippines,Eastern Visayas,11.32782725,124.99755612215378
770,Philippines,Caraga,9.2471392,125.85578188652231
771,Portugal,Norte Region,-1.6292632,-45.2368151
772,Portugal,Lisboa Region,-36.77937429999999,-73.10804005
773,Portugal,"Centro Region, Portugal",-8.671858750408639,41.1532183
774,Portugal,Faro District,37.245424799999995,-8.150925273079235
775,Portugal,Alentejo Region,38.0551003,-7.8605799
776,Portugal,Azores,37.80852735000001,-25.47308528647959
777,Portugal,Madeira,32.751748750000004,-16.981752048847362
778,Romania,Suceava County,47.53251675,25.818801387932247
779,Romania,Bucharest,44.4361414,26.1027202
780,Romania,Arad County,46.175379299999996,21.3196342
781,Romania,Hunedoara County,45.7958547,22.944483784106406
782,Romania,Neamț County,46.99078285,26.48534958395309
783,Romania,Timiș County,45.6890988,21.63046721597148
784,Romania,Botoșani County,26.6573326,47.743378
785,Romania,Brașov County,45.6523093,25.6102746
786,Romania,Bihor County,46.992055,22.190274243393226
787,Romania,Mureș County,46.60645805,24.62519263685235
788,Romania,Galați,45.4338215,28.054939500000003
789,Romania,Cluj County,46.769379,23.589954199999998
790,Romania,Sibiu,45.7973912,24.1519202
791,Romania,Constanța County,44.1767161,28.6507598
792,Romania,Ilfov County,44.501707399999994,26.244907651159288
793,Romania,Iași County,47.161534100000004,27.5836142
794,Romania,Vrancea County,45.78870885,26.8838029687553
795,Romania,Covasna County,45.89667925000001,26.01018061174567
796,Romania,Alba County,46.01592125000001,23.54685524706489
797,Romania,Bistrița-Năsăud County,47.179565999999994,24.507248880720052
798,Romania,Ialomița County,27.3617654,44.5614697
799,Romania,Bacău County,46.42613415,26.71205400126924
800,Romania,Giurgiu County,43.89586129999999,25.9658299
801,Romania,Argeș County,44.99499355,24.84863244014989
802,Romania,Teleorman County,44.06812915,25.18653177142434
803,Romania,Dâmbovița County,44.92677275,25.483182109125252
804,Romania,Caraș-Severin County,45.12689965,22.076779392786246
805,Romania,Vaslui County,46.496846999999995,27.803320995724803
806,Romania,Maramureș County,24.196416062199283,47.67234139999999
807,Romania,Dolj County,44.2141283,23.669234908203126
808,Romania,Prahova,45.10875455,26.03762296377709
809,Romania,Satu Mare County,47.7891763,22.8725598
810,Romania,Călărași County,44.31591585,27.13975742983912
811,Romania,Mehedinți County,44.623396899999996,22.647794782293982
812,Romania,Tulcea County,45.177518,28.8016348
813,Romania,Gorj County,45.12278,23.24073
814,Romania,Sălaj,47.156214299999995,23.016859868606783
815,Romania,Vâlcea County,45.0404536,24.153871902772924
816,Romania,Brăila County,45.2716092,27.974293199999998
817,Romania,Harghita County,46.6440949,25.62008089773712
818,Romania,Buzău County,45.26925815,26.7748172789942
819,South Korea,Daegu,35.8713,128.6018
820,South Korea,Gyeongsangbuk-do,36.5754,128.5058
821,South Korea,Gyeonggi-do,37.2752,127.0095
822,South Korea,Seoul,37.5666791,126.97829140000002
823,South Korea,South Chungcheong Province,36.6593,126.6729
824,South Korea,Busan,35.1799528,129.0752365
825,South Korea,Gyeongsangnam-do,35.2382,128.6925
826,South Korea,Incheon,37.455999999999996,126.7052
827,South Korea,Gangwon-do,37.885,127.7297
828,South Korea,Sejong City,36.4799999,127.289
829,South Korea,Daejeon,36.3496,127.3848
830,South Korea,Chungcheongbuk-do,36.6357,127.4915
831,South Korea,Ulsan,35.5391697,129.3119136
832,South Korea,Gwangju,35.159577500000005,126.85150890000001
833,South Korea,Jeollabuk-do,35.8198999,127.109
834,South Korea,Jeollanam-do,34.8159,126.4629
835,South Korea,Jeju-do,33.488773699999996,126.49870829999999
836,Spain,Community of Madrid,40.524831899999995,-3.771562775451812
837,Spain,Catalonia,41.852309399999996,1.5745042999999999
838,Spain,Castile-La Mancha,39.4177902,-2.6232332
839,Spain,Castile and León,41.8037172,-4.7471726
840,Spain,Basque Country,42.9911816,-2.5543023
841,Spain,Andalusia,37.3399964,-4.5811614
842,Spain,Valencian Community,39.6819591,-0.7654406
843,Spain,Galicia,42.61946,-7.863111999999999
844,Spain,Aragon,41.3787291,-0.7639373
845,Spain,Navarre,42.61254875,-1.8307876829915457
846,Spain,La Rioja,42.3285528,-2.4674917
847,Spain,Extremadura,39.174842600000005,-6.152989099999999
848,Spain,Asturias,43.2710878,-5.854145744587305
849,Spain,Cantabria,43.159566399999996,-4.0878382
850,Spain,Canary Islands,28.2935785,-16.621447121144122
851,Spain,Balearic Islands,2.880430532640076,39.6134018
852,Spain,Region of Murcia,37.9166355,-1.4779797
853,Spain,Ceuta,35.888360999999996,-5.304138
854,Spain,Melilla,35.2918698,-2.9409026000000003
855,Sri Lanka,Colombo,6.9349969,79.8538463
856,Sri Lanka,Kalutara,6.5835219,79.96125079999999
857,Sri Lanka,Puttalam,8.0301856,79.8286583
858,Sri Lanka,Gampaha,7.0925595,79.9951396
859,Sri Lanka,Jaffna,9.665092999999999,80.00930290000001
860,Sri Lanka,Kandy,7.2930922,80.6350768
861,Sri Lanka,Ratnapura,6.680369099999999,80.4022975
862,Sri Lanka,Kegalle,7.2532005999999996,80.3454132
863,Sri Lanka,Ampara,7.2911226,81.6723954
864,Sri Lanka,Kurunegala,7.4870464000000005,80.364908
865,Sri Lanka,Matara,5.947822,80.54829190000001
866,Sri Lanka,Badulla,6.9898202000000005,81.0569425
867,Sri Lanka,Batticaloa,7.7356027,81.69419559999999
868,Sri Lanka,Galle,6.032813900000001,80.214955
869,Sri Lanka,Vavuniya,8.7593517,80.5000778
870,Sweden,Stockholm County,59.39015129999999,18.66427492013602
871,Sweden,Västra Götaland County,58.20302695,12.649730022427757
872,Sweden,Östergötland County,58.36782395,16.050427203885352
873,Sweden,Södermanland County,58.96382725,16.729934811622115
874,Sweden,Uppsala County,60.1486,17.6249561013141
875,Sweden,Örebro County,15.215118099999998,59.274728700000004
876,Sweden,Västmanland County,59.696563899999994,16.18465359159597
877,Sweden,Jonkoping County,57.535426,14.641181601671247
878,Sweden,Skåne County,55.84694095,13.635831212379534
879,Sweden,Dalarna County,61.06037785,14.215087316959055
880,Sweden,Gavleborg County,61.26138005,16.69871011215217
881,Sweden,Halland County,56.96045925,12.807325812324002
882,Sweden,Västerbotten County,64.7196392,18.569708339695726
883,Sweden,Jamtland County,63.3452222,14.124985984451182
884,Sweden,Kronoberg County,56.80067805,14.411160995108744
885,Sweden,Norrbotten County,66.9798719,20.000300813027625
886,Sweden,Västernorrland County,63.05896925,18.105868264726514
887,Sweden,Kalmar County,57.02784235,16.57526801061616
888,Sweden,Varmland County,59.89054465,13.294924808070956
889,Sweden,Blekinge County,56.12401225,15.402123955552618
890,Sweden,Gotland County,57.678317299999996,18.638463586098844
891,Switzerland,Vaud,46.6356963,6.5320717
892,Switzerland,Geneva,46.2017559,6.146601400000001
893,Switzerland,Zurich,47.3723941,8.5423328
894,Switzerland,Ticino,46.3356506,8.753706
895,Switzerland,Valais,46.230306299999995,7.6605757
896,Switzerland,Canton of Bern,46.9482713,7.4514512
897,Switzerland,Aargau,47.412396,8.1948321
898,Switzerland,Basel City,47.5579097,7.5927728000000005
899,Switzerland,Fribourg,46.678911600000006,7.1027113
900,Switzerland,Basel-Landschaft,47.509293799999995,7.6588332999999995
901,Switzerland,Grisons,46.6960615,9.6027351
902,Switzerland,St. Gallen,47.4250593,9.376587800000001
903,Switzerland,Neuchâtel,46.9895828,6.9292641
904,Switzerland,Lucerne,47.0505452,8.3054682
905,Switzerland,Uri,46.78644129999999,8.6420159
906,Switzerland,Solothurn,47.318740000000005,7.6698284
907,Switzerland,Thurgau,47.5859649,9.1428769
908,Switzerland,Canton of Zug,46.896312,9.428139999999999
909,Switzerland,Schwyz,47.0571976,8.7222073
910,Switzerland,Glarus,46.9796562,9.108812
911,Switzerland,Jura,47.35666989999999,7.1598893
912,Switzerland,Nidwalden,46.942756,8.4119773
913,Switzerland,Appenzell Ausserrhoden,47.3960076,9.370583900000002
914,Switzerland,Obwalden,46.8613857,8.2067825
915,Switzerland,Schaffhausen,47.6960491,8.634513
916,Switzerland,Appenzell Innerrhoden,47.30072620000001,9.399152699999998
917,Tunisia,Tunis,33.8439408,9.400138
918,Tunisia,Ariana,36.96857350000001,10.121985506329509
919,Tunisia,Ben Arous,36.7488603,10.22460082000001
920,Tunisia,Medenine,32.981998700000005,11.287025364730832
921,Tunisia,Kebili,33.33877015,8.703290964584628
922,Tunisia,Sousse,35.828829,10.640525
923,Tunisia,La Manouba,36.8115973,10.085763187193221
924,Tunisia,Gafsa,34.43367,8.79079875204918
925,Tunisia,Monastir,35.7398724,10.798839679614954
926,Tunisia,Sfax,34.8433201,10.5178537
927,Tunisia,Tataouine,31.731700899999996,9.770219749624275
928,Tunisia,Gabes,33.7765032,9.79306296557616
929,Tunisia,Bizerte,37.272090500000004,9.8708565
930,Tunisia,Mahdia,35.48778925000001,10.962243331900263
931,Tunisia,Nabeul,36.4823676,10.67071969788044
932,Tunisia,Kairouan,35.671010100000004,10.10062
933,Tunisia,Kasserine,35.1678191,8.8348097
934,Tunisia,Kef,36.03576425,8.724938087611969
935,Tunisia,Sidi Bou Zid,36.8632509,10.3042111
936,Tunisia,Tozeur,33.913484999999994,8.111824071052634
937,Tunisia,Beja,36.74623035000001,9.203232836920057
938,Tunisia,Zaghouan,36.41171955,10.201979784444637
939,Tunisia,Jendouba,36.67797255,8.752646965460535
940,Tunisia,Siliana,35.9715323,9.357712875636699
941,Ukraine,Chernivtsi Oblast,48.3810791,26.1081673
942,Ukraine,Kyiv city,50.3876531,30.4713605
943,Ukraine,Ivano-Frankivsk Oblast,48.7481718,24.520747699999998
944,Ukraine,Ternopil Oblast,49.663000200000006,25.6167516
945,Ukraine,Kyiv Oblast,50.178595,30.492488399999996
946,Ukraine,Rivne Oblast,51.2074112,26.5208033
947,Ukraine,Vinnytsia Oblast,48.8990315,28.516068
948,Ukraine,Zhytomyr Oblast,50.9080532,28.386750399999997
949,Ukraine,Lviv Oblast,49.6512234,23.826694800000002
950,Ukraine,Kirovohrad Oblast,48.3725226,31.7834817
951,Ukraine,Zakarpattia Oblast,48.2953664,23.4466092
952,Ukraine,Cherkasy Oblast,49.146016499999995,31.2271744
953,Ukraine,Volyn Oblast,51.5451167,24.6627893
954,Ukraine,Dnipropetrovsk Oblast,48.662589000000004,34.9501715
955,Ukraine,Odessa Oblast,46.1147226,29.956719300000003
956,Ukraine,Zaporizhia Oblast,47.4165079,35.922969
957,Ukraine,Poltava Oblast,49.8607809,33.749878700000004
958,Ukraine,Kharkiv Oblast,49.82995820000001,36.37889570000001
959,Ukraine,Mykolaiv Oblast,47.3886032,31.944233399999998
960,Ukraine,Sumy Oblast,50.7696518,34.3289305
961,Ukraine,Kherson Oblast,46.5421715,33.4079326
962,Ukraine,Khmelnytskyi Oblast,49.268623999999996,27.063599800000002
963,Ukraine,Luhansk Oblast,49.27245870000001,38.9150477
964,Ukraine,Donetsk Oblast,47.9212914,37.7809825
965,Ukraine,Chernihiv Oblast,51.272593,31.7417235
966,United Kingdom,Greater London,51.4893335,-0.14405508452768728
967,United Kingdom,Midlands,50.598892600000006,-4.1006857000000005
968,United Kingdom,North West,52.2370231,-0.46861490000000006
969,United Kingdom,North East and Yorkshire,54.580178599999996,-1.1761941999999999
970,United Kingdom,South East England,51.46426255,-0.6517147211401418
971,United Kingdom,Scotland,56.78611120000001,-4.1140517999999995
972,United Kingdom,East of England,52.2199774,0.4875777469166293
973,United Kingdom,Wales,52.2928116,-3.7389300000000003
974,United Kingdom,South West England,51.0339991,-2.949011916021195
975,United Kingdom,Northern Ireland,54.62949820000001,-6.7654416
976,United States,New York,40.7127281,-74.0060152
977,United States,New Jersey,40.0757384,-74.4041622
978,United States,Massachusetts,42.3788774,-72.03236600000001
979,United States,California,36.7014631,-118.75599740000001
980,United States,Pennsylvania,40.9699889,-77.72788309999999
981,United States,Illinois,40.079660600000004,-89.4337288
982,United States,Michigan,43.6211955,-84.6824346
983,United States,Florida,27.7567667,-81.4639835
984,United States,Louisiana,30.8703881,-92.007126
985,United States,Georgia,32.329380900000004,-83.1137366
986,United States,Connecticut,41.6500201,-72.7342163
987,United States,Texas,31.8160381,-99.51209859999999
988,United States,Maryland,39.5162234,-76.9382069
989,United States,Ohio,40.225356899999994,-82.6881395
990,United States,Washington,38.8949855,-77.03657079999999
991,United States,Indiana,40.327012700000004,-86.1746933
992,United States,Colorado,38.7251776,-105.60771670000001
993,United States,Virginia,37.1232245,-78.4927721
994,United States,Tennessee,35.7730076,-86.28200809999998
995,United States,North Carolina,35.6729639,-79.03929190000001
996,United States,Missouri,38.7604815,-92.5617875
997,United States,Arizona,34.395342,-111.76327549999999
998,United States,Rhode Island,41.7962409,-71.59923719999999
999,United States,Alabama,33.258881699999996,-86.8295337
1000,United States,Mississippi,32.9715645,-89.7348497
1001,United States,Wisconsin,44.4308975,-89.6884637
1002,United States,South Carolina,33.687438799999995,-80.4363743
1003,United States,Nevada,39.515882500000004,-116.85372269999999
1004,United States,Iowa,41.9216734,-93.3122705
1005,United States,Utah,39.4225192,-111.71435840000001
1006,United States,Kentucky,37.5726028,-85.1551411
1007,United States,"Washington, D.C.",36.29885175,-82.35919331410949
1008,United States,Delaware,38.6920451,-75.4013315
1009,United States,Oklahoma,34.9550817,-97.2684063
1010,United States,Minnesota,45.98965870000001,-94.6113288
1011,United States,Kansas,38.27312,-98.58218719999999
1012,United States,Arkansas,35.2048883,-92.4479108
1013,United States,New Mexico,34.5708167,-105.993007
1014,United States,Oregon,43.9792797,-120.737257
1015,United States,Idaho,43.644764200000004,-114.0154071
1016,United States,South Dakota,44.6471761,-100.348761
1017,United States,Nebraska,41.7370229,-99.5873816
1018,United States,New Hampshire,43.484913299999995,-71.6553992
1019,United States,Puerto Rico,18.2214149,-66.41328179513847
1020,United States,West Virginia,38.475840600000005,-80.84084150000001
1021,United States,Maine,45.709097,-68.8590201
1022,United States,Vermont,44.5990718,-72.5002608
1023,United States,North Dakota,47.6201461,-100.540737
1024,United States,Hawaii,21.2160437,-157.975203
1025,United States,Montana,47.3752671,-109.63875790000002
1026,United States,Wyoming,43.1700264,-107.5685348
1027,United States,Alaska,64.44596130000001,-149.680909
1028,United States,Guam,13.4501257,144.75755102972062
1029,United States,U.S. Virgin Islands,17.789187,-64.7080574
1030,United States,Northern Mariana Islands,14.1490205,145.21345248318926
1031,United States,American Samoa,-14.30063095,-170.69597479165532
1032,Uruguay,Montevideo Department,-13.6446193,-73.6921747
1033,Uruguay,Canelones Department,-56.281751899999996,-34.524237299999996
1034,Uruguay,Maldonado Department,-12.5938633,-69.1866773
1035,Uruguay,Salto Department,-14.9766657,-72.3129892
1036,Uruguay,Río Negro Department,-11.208639300000002,-74.65985079999999
1037,Uruguay,Colonia Department,-3.5167567,-72.43733879999999
1038,Uruguay,Lavalleja Department,-8.066274900000002,-79.0496323
1039,Uruguay,San José Department,-7.339152400000001,-78.05097590000001
1040,Uruguay,Durazno Department,-13.4232342,-76.1705954
1041,Uruguay,Flores Department,-12.1873586,-76.9903021
1042,Uruguay,Paysandú Department,-58.08921360000001,-32.3217257
1043,Uruguay,Rocha Department,-14.493458300000002,-75.2396406
1044,Uruguay,Soriano Department,-13.913845499999999,-75.9249243
0,Nigeria,Zamfara,12.0078998,6.4191432
0,Afghanistan,Khost,33.4014634,69.8912294
1,Montenegro,Gusinje Municipality,42.548086850000004,19.823384624409236
2,Nigeria,Taraba,8.0141334,10.7376336
3,Nigeria,Bayelsa,4.7629786,6.028898
4,Nigeria,Ebonyi,6.1996918,8.0348906
5,Nigeria,Imo,5.5859456,7.0669651
6,Nigeria,Kebbi,4.1074545,11.4167574
